{
  "providers": {
    "awscloudformation": {
      "AuthRoleName": "amplify-samplenextamplified-dev-00408-authRole",
      "UnauthRoleArn": "arn:aws:iam::541395321138:role/amplify-samplenextamplified-dev-00408-unauthRole",
      "AuthRoleArn": "arn:aws:iam::541395321138:role/amplify-samplenextamplified-dev-00408-authRole",
      "Region": "ap-northeast-1",
      "DeploymentBucketName": "amplify-samplenextamplified-dev-00408-deployment",
      "UnauthRoleName": "amplify-samplenextamplified-dev-00408-unauthRole",
      "StackName": "amplify-samplenextamplified-dev-00408",
      "StackId": "arn:aws:cloudformation:ap-northeast-1:541395321138:stack/amplify-samplenextamplified-dev-00408/83dadb40-aaba-11ec-bfa5-0e9063fc9cdd",
      "AmplifyAppId": "d2mf9g0vkvkiyk"
    }
  },
  "api": {
    "samplenextamplified": {
      "service": "AppSync",
      "providerPlugin": "awscloudformation",
      "output": {
        "authConfig": {
          "defaultAuthentication": {
            "authenticationType": "API_KEY",
            "apiKeyConfig": {
              "apiKeyExpirationDays": 7,
              "apiKeyExpirationDate": "2022-03-30T15:09:00.564Z",
              "description": ""
            }
          },
          "additionalAuthenticationProviders": [
            {
              "authenticationType": "AMAZON_COGNITO_USER_POOLS",
              "userPoolConfig": {
                "userPoolId": "authsamplenextamplifiedb50dc4e9"
              }
            }
          ]
        },
        "GraphQLAPIIdOutput": "zjgpaklxozhkjfwoogua3pafju",
        "GraphQLAPIEndpointOutput": "https://h7bvlagp5jgy3h2325zilrtlem.appsync-api.ap-northeast-1.amazonaws.com/graphql",
        "GraphQLAPIKeyOutput": "da2-ytzh4muduzes7mrwmd73uhqt3y"
      },
      "lastPushTimeStamp": "2022-03-23T15:20:08.234Z",
      "providerMetadata": {
        "s3TemplateURL": "https://s3.amazonaws.com/amplify-samplenextamplified-dev-00408-deployment/amplify-cfn-templates/api/cloudformation-template.json",
        "logicalId": "apisamplenextamplified"
      },
      "lastPushDirHash": "SNpgbaYjMrCKUFoapxDrB6BiPnw="
    }
  },
  "auth": {
    "samplenextamplifiedb50dc4e9": {
      "service": "Cognito",
      "providerPlugin": "awscloudformation",
      "dependsOn": [],
      "customAuth": false,
      "frontendAuthConfig": {
        "socialProviders": [],
        "usernameAttributes": [],
        "signupAttributes": [
          "EMAIL"
        ],
        "passwordProtectionSettings": {
          "passwordPolicyMinLength": 8,
          "passwordPolicyCharacters": []
        },
        "mfaConfiguration": "OFF",
        "mfaTypes": [
          "SMS"
        ],
        "verificationMechanisms": [
          "EMAIL"
        ]
      },
      "providerMetadata": {
        "s3TemplateURL": "https://s3.amazonaws.com/amplify-samplenextamplified-dev-00408-deployment/amplify-cfn-templates/auth/samplenextamplifiedb50dc4e9-cloudformation-template.json",
        "logicalId": "authsamplenextamplifiedb50dc4e9"
      },
      "lastPushTimeStamp": "2022-03-23T15:20:08.234Z",
      "output": {
        "UserPoolId": "ap-northeast-1_YBhjfXR2l",
        "AppClientIDWeb": "4nddgkailqa9mi03di2o2g9pl5",
        "AppClientID": "rasp0klf7e7kg5470kdo7dtvl",
        "IdentityPoolId": "ap-northeast-1:f78ed153-21bf-4fce-be0a-592f87dfc005",
        "UserPoolArn": "arn:aws:cognito-idp:ap-northeast-1:541395321138:userpool/ap-northeast-1_YBhjfXR2l",
        "IdentityPoolName": "samplenextamplifiedb50dc4e9_identitypool_b50dc4e9__dev",
        "UserPoolName": "samplenextamplifiedb50dc4e9_userpool_b50dc4e9"
      },
      "lastPushDirHash": "F5E982l6RueT7UByYNPZC+UKKDQ="
    }
  }
}